race,Unarmed,Firearm,Other/Unknown
Asian,0.26761760121,0.869757203931,1.13737480514
Black,2.73312146247,6.20922740016,3.52917625736
Hispanic,1.03016003497,2.59521085732,2.37729238838
Native American,2.22509209656,4.89520261244,4.45018419312
White,0.777369693126,2.2965431457,1.52425430025
