race,Unarmed,Firearm,Other/Unknown
Asian,0.26761760121,0.735948403326,0.936661604234
Black,2.2289534257,4.93553972834,3.10461370008
Hispanic,0.81224156603,2.11975237964,1.92164468061
Native American,2.22509209656,3.5601473545,2.67011051587
White,0.609701720099,1.96120719965,1.2498885262
