race,Unarmed,Firearm,Other/Unknown
Asian,0.26761760121,0.669044003024,0.869757203931
Black,2.12281278638,4.37830137191,2.83926210178
Hispanic,0.792430796127,2.02069853012,1.76315852138
Native American,2.22509209656,3.5601473545,2.22509209656
White,0.574135786426,1.8291051603,1.11778648685
