race,Unarmed,Firearm,Other/Unknown
Asian,0.26761760121,0.735948403326,1.00356600454
Black,2.38816438468,5.57238356425,3.34343013855
Hispanic,0.911295415546,2.27823853887,2.04050930003
Native American,2.22509209656,4.45018419312,3.5601473545
White,0.640186806104,2.07298584834,1.36166717489
