race,Unarmed,Firearm,Other/Unknown
Asian,0.334522001512,0.869757203931,1.53880120696
Black,2.97193790093,7.21756347369,4.43137169157
Hispanic,1.16883542429,3.05085856509,2.93199394567
Native American,2.22509209656,6.67527628969,4.89520261244
White,0.894229189478,2.71317265444,1.98153059032
