race,Unarmed,Firearm,Other/Unknown
Asian,0.334522001512,0.869757203931,1.20427920544
Black,2.89233242144,6.44804383863,3.95373881463
Hispanic,1.06978157477,2.75369701654,2.61502162722
Native American,2.22509209656,4.89520261244,4.45018419312
White,0.823097322133,2.44388772806,1.66651803494
