race_cat,Total,All,pct
White,752,1522,0.494086727989
Black,387,1522,0.254270696452
Other,383,1522,0.251642575558
