race_cat,pop_mil,All,pct
White,196.817552,302.174792,0.651336766702
Black,37.685848,302.174792,0.124715393202
Other,67.671392,302.174792,0.223947840096
