race,population,pop_mil
White,"196,817,552",196.817552
Black,"37,685,848",37.685848
Asian,"14,946,700",14.9467
Native American,"2,247,098",2.247098
Hispanic,"50,477,594",50.477594
