race_cat,Total,All,pct
White,971,1977,0.49114820435
Black,501,1977,0.253414264036
Other,505,1977,0.255437531614
