race_cat,Total,All,pct
White,802,1686,0.475682087782
Black,426,1686,0.252669039146
Other,458,1686,0.271648873072
