race_cat,Total,All,pct
White,700,1409,0.496806245564
Black,354,1409,0.251242015614
Other,355,1409,0.251951738822
