race_cat,Total,All,pct
White,1100,2225,0.494382022472
Black,551,2225,0.247640449438
Other,574,2225,0.25797752809
