race_cat,Total,All,pct
White,760,1555,0.488745980707
Black,394,1555,0.253376205788
Other,401,1555,0.257877813505
