race_cat,Total,All,pct
White,905,1810,0.5
Black,470,1810,0.259668508287
Other,435,1810,0.240331491713
