,armed,race,Total,All,pct
5,No,White,121,264,0.458333333333
3,No,Black,86,264,0.325757575758
4,No,Other,57,264,0.215909090909
