,armed,race,Total,All,pct
5,No,White,113,245,0.461224489796
3,No,Black,80,245,0.326530612245
4,No,Other,52,245,0.212244897959
