,armed,race,Total,All,pct
5,No,White,176,365,0.482191780822
3,No,Black,112,365,0.306849315068
4,No,Other,77,365,0.21095890411
