,armed,race,Total,All,pct
5,No,White,120,258,0.46511627907
3,No,Black,84,258,0.325581395349
4,No,Other,54,258,0.209302325581
