,armed,race,Total,All,pct
5,No,White,126,277,0.454873646209
3,No,Black,90,277,0.324909747292
4,No,Other,61,277,0.220216606498
