,armed,race,Total,All,pct
5,No,White,162,342,0.473684210526
3,No,Black,109,342,0.318713450292
4,No,Other,71,342,0.207602339181
