,armed,race,Total,All,pct
5,No,White,153,323,0.473684210526
3,No,Black,103,323,0.318885448916
4,No,Other,67,323,0.207430340557
