,armed,race,Total,All,pct
2,Firearm,White,365,689,0.529753265602
0,Firearm,Black,167,689,0.242380261248
1,Firearm,Other,157,689,0.227866473149
