,armed,race,Total,All,pct
2,Firearm,White,534,1061,0.503298774741
0,Firearm,Black,272,1061,0.256361922714
1,Firearm,Other,255,1061,0.240339302545
