,armed,race,Total,All,pct
2,Firearm,White,408,822,0.496350364964
0,Firearm,Black,210,822,0.255474452555
1,Firearm,Other,204,822,0.248175182482
