,armed,race,Total,All,pct
2,Firearm,White,452,876,0.51598173516
0,Firearm,Black,234,876,0.267123287671
1,Firearm,Other,190,876,0.216894977169
