,armed,race,Total,All,pct
2,Firearm,White,481,949,0.506849315068
0,Firearm,Black,243,949,0.256059009484
1,Firearm,Other,225,949,0.237091675448
