,armed,race,Total,All,pct
2,Firearm,White,386,741,0.520917678812
0,Firearm,Black,186,741,0.251012145749
1,Firearm,Other,169,741,0.228070175439
