,armed,race,Total,All,pct
2,Firearm,White,389,758,0.513192612137
0,Firearm,Black,190,758,0.250659630607
1,Firearm,Other,179,758,0.236147757256
